CohortMonth,1,2,3,4,5,6,7,8,9,10,11,12,13
2025-01,100.0,31.738623103850642,34.91831971995333,33.08051341890315,35.64760793465578,32.64294049008168,34.53908984830805,34.74329054842474,33.05134189031505,32.730455075845974,33.8681446907818,34.39323220536756,1.662777129521587
2025-02,100.0,34.78055686644644,33.50637092968382,35.11090136857008,33.17602642756017,35.58282208588957,35.01651722510618,33.50637092968382,34.54459650778669,35.01651722510618,35.06370929683813,1.132609721566777,
2025-03,100.0,33.567774936061376,34.46291560102302,33.95140664961637,33.69565217391305,35.35805626598466,34.97442455242967,34.846547314578004,34.846547314578004,35.869565217391305,1.1508951406649617,,
2025-04,100.0,34.39680957128614,31.405782652043868,34.49651046859422,34.695912263210374,32.60219341974078,34.19740777666999,33.89830508474576,35.194416749750744,1.4955134596211366,,,
2025-05,100.0,33.28313253012048,37.5,34.036144578313255,32.68072289156627,32.98192771084337,33.734939759036145,33.58433734939759,1.6566265060240966,,,,
2025-06,100.0,36.904761904761905,36.904761904761905,36.42857142857142,32.61904761904762,33.095238095238095,33.80952380952381,0.7142857142857143,,,,,
2025-07,100.0,29.433962264150942,36.22641509433962,29.81132075471698,30.943396226415093,33.20754716981132,1.509433962264151,,,,,,
2025-08,100.0,32.16374269005848,37.42690058479532,29.239766081871345,35.08771929824561,1.1695906432748537,,,,,,,
2025-09,100.0,29.72972972972973,36.03603603603604,34.234234234234236,4.504504504504505,,,,,,,,
2025-10,100.0,25.287356321839084,39.08045977011494,1.1494252873563218,,,,,,,,,
2025-11,100.0,25.0,,,,,,,,,,,
2025-12,100.0,,,,,,,,,,,,
